INSERT INTO tenants(id,name,status) VALUES ('tenant-north','North Valley College','ACTIVE'),('tenant-east','East Ridge University','ACTIVE');
INSERT INTO institutions(id,tenant_id,name,region) VALUES ('inst-nvc','tenant-north','North Valley College','NA'),('inst-eru','tenant-east','East Ridge University','NA');
INSERT INTO connectors(id,tenant_id,name,system_type,base_url,credential_reference,status) VALUES
('conn-north-lms','tenant-north','Canvas LMS','LMS','https://lms.north.example','vault://integration/tenant-north/canvas','ACTIVE'),
('conn-north-sis','tenant-north','Banner SIS','SIS','https://sis.north.example','vault://integration/tenant-north/banner','ACTIVE'),
('conn-east-crm','tenant-east','Salesforce CRM','CRM','https://crm.east.example','vault://integration/tenant-east/salesforce','ACTIVE'),
('conn-east-billing','tenant-east','Billing Platform','BILLING','https://billing.east.example','vault://integration/tenant-east/billing','ACTIVE');
INSERT INTO courses(id,tenant_id,lms_course_id,title,status) VALUES
('course-1','tenant-north','BIO-101','Biology 101','ACTIVE'),('course-2','tenant-north','MATH-201','Calculus II','ACTIVE'),('course-3','tenant-east','ENG-150','Composition','ACTIVE');
INSERT INTO enrollments(id,tenant_id,course_id,learner_id,status) VALUES
('enr-1','tenant-north','course-1','learner-1','ACTIVE'),('enr-2','tenant-north','course-1','learner-2','ACTIVE'),('enr-3','tenant-north','course-2','learner-3','ACTIVE'),('enr-4','tenant-east','course-3','learner-4','ACTIVE'),('enr-5','tenant-east','course-3','learner-5','DROPPED');
INSERT INTO grade_events(id,tenant_id,course_id,learner_id,grade,status) VALUES
('grade-1','tenant-north','course-1','learner-1',94.50,'PUBLISHED'),('grade-2','tenant-north','course-1','learner-2',88.00,'PUBLISHED'),('grade-3','tenant-east','course-3','learner-4',91.25,'PUBLISHED');
INSERT INTO entitlements(id,tenant_id,subject_id,product_code,status,expires_at) VALUES
('ent-1','tenant-north','learner-1','MATHXL','ACTIVE',DATE_ADD(CURRENT_TIMESTAMP, INTERVAL 180 DAY)),('ent-2','tenant-north','learner-2','BIOCONNECT','ACTIVE',DATE_ADD(CURRENT_TIMESTAMP, INTERVAL 180 DAY)),('ent-3','tenant-north','learner-3','ALEKS','ACTIVE',DATE_ADD(CURRENT_TIMESTAMP, INTERVAL 90 DAY)),('ent-4','tenant-east','learner-4','CONNECT','ACTIVE',DATE_ADD(CURRENT_TIMESTAMP, INTERVAL 120 DAY)),('ent-5','tenant-east','learner-5','CONNECT','SUSPENDED',DATE_ADD(CURRENT_TIMESTAMP, INTERVAL 30 DAY));
INSERT INTO integration_events(id,tenant_id,connector_id,event_type,correlation_id,payload,status) VALUES
('evt-1','tenant-north','conn-north-lms','lms.course.created','corr-seed-1',JSON_OBJECT('courseId','BIO-101'),'PROCESSED'),('evt-2','tenant-north','conn-north-sis','sis.enrollment.updated','corr-seed-2',JSON_OBJECT('learnerId','learner-1'),'PROCESSED'),('evt-3','tenant-north','conn-north-lms','lms.grade.published','corr-seed-3',JSON_OBJECT('grade',94.5),'PROCESSED'),('evt-4','tenant-east','conn-east-crm','crm.lead.created','corr-seed-4',JSON_OBJECT('email','advisor@east-ridge.invalid'),'PROCESSED'),('evt-5','tenant-east','conn-east-billing','billing.customer.updated','corr-seed-5',JSON_OBJECT('customer','cust-1'),'PROCESSED'),('evt-6','tenant-north','conn-north-lms','lms.course.created','corr-seed-6',JSON_OBJECT('courseId','MATH-201'),'PROCESSED'),('evt-7','tenant-east','conn-east-crm','crm.lead.created','corr-seed-7',JSON_OBJECT('email','ops@east-ridge.invalid'),'PROCESSED'),('evt-8','tenant-north','conn-north-sis','sis.enrollment.updated','corr-seed-8',JSON_OBJECT('learnerId','learner-2'),'PROCESSED'),('evt-9','tenant-east','conn-east-billing','billing.customer.updated','corr-seed-9',JSON_OBJECT('customer','cust-2'),'PROCESSED'),('evt-10','tenant-north','conn-north-lms','lms.grade.published','corr-seed-10',JSON_OBJECT('grade',88),'PROCESSED');
INSERT INTO event_traces(id,tenant_id,event_id,correlation_id,route_name,step,status,message) VALUES
('trace-1','tenant-north','evt-1','corr-seed-1','lms-course-inbound','persist','OK','Seed trace'),('trace-2','tenant-east','evt-4','corr-seed-4','crm-lead-handoff','persist','OK','Seed trace');
INSERT INTO dead_letter_events(id,tenant_id,event_type,correlation_id,failure_reason,payload) VALUES
('dlq-1','tenant-north','lms.course.created','corr-dlq-1','Seed malformed course payload',JSON_OBJECT('invalid',true)),('dlq-2','tenant-east','billing.customer.updated','corr-dlq-2','Seed downstream billing timeout',JSON_OBJECT('forceFailure',true));
